user	avatar	total
06needhamt	https://avatars.githubusercontent.com/u/4162227?v=3	2
0joshuaolson1	https://avatars.githubusercontent.com/u/1666682?v=3	1
1624052828	https://avatars.githubusercontent.com/u/11731888?v=3	1
23michael45	https://avatars.githubusercontent.com/u/7123884?v=3	1
3dluvr	https://avatars.githubusercontent.com/u/3603819?v=3	32
3r905l	https://avatars.githubusercontent.com/u/18420672?v=3	1
54BarrosCreations	https://avatars.githubusercontent.com/u/7074141?v=3	1
5h4pk1n	https://avatars.githubusercontent.com/u/7001582?v=3	1
60pahn	https://avatars.githubusercontent.com/u/18593217?v=3	1
6per	https://avatars.githubusercontent.com/u/12002908?v=3	2
84monta	https://avatars.githubusercontent.com/u/4171251?v=3	1
9712105	https://avatars.githubusercontent.com/u/13914869?v=3	1
ABeekhub	https://avatars.githubusercontent.com/u/8844512?v=3	1
AGSPhoenix	https://avatars.githubusercontent.com/u/450785?v=3	1
AGhersi	https://avatars.githubusercontent.com/u/12261494?v=3	1
AKPWebDesign	https://avatars.githubusercontent.com/u/2061434?v=3	1
AVoidless	https://avatars.githubusercontent.com/u/3336087?v=3	1
Abatron	https://avatars.githubusercontent.com/u/7884332?v=3	14
AchillesWF	https://avatars.githubusercontent.com/u/14186373?v=3	2
Acrossfy	https://avatars.githubusercontent.com/u/1568741?v=3	1
AdamClixby	https://avatars.githubusercontent.com/u/16647705?v=3	1
AdricEpic	https://avatars.githubusercontent.com/u/6932368?v=3	2
AhmedIKinema	https://avatars.githubusercontent.com/u/7061817?v=3	1
AlanIWBFT	https://avatars.githubusercontent.com/u/10163659?v=3	1
AlanWalk	https://avatars.githubusercontent.com/u/4654826?v=3	1
AlessandroOsima	https://avatars.githubusercontent.com/u/2035851?v=3	2
AlexanderOMara	https://avatars.githubusercontent.com/u/1740229?v=3	1
AlfioSaitta	https://avatars.githubusercontent.com/u/10280718?v=3	1
Algorithman	https://avatars.githubusercontent.com/u/2128945?v=3	1
Allar	https://avatars.githubusercontent.com/u/2173793?v=3	13
Allegorithmic	https://avatars.githubusercontent.com/u/7208818?v=3	5
Alters	https://avatars.githubusercontent.com/u/7023079?v=3	1
AndreNel7	https://avatars.githubusercontent.com/u/2454714?v=3	1
AndrewMAlvarez	https://avatars.githubusercontent.com/u/11448135?v=3	1
AndrewScheidecker	https://avatars.githubusercontent.com/u/2691804?v=3	8
Anvolne	https://avatars.githubusercontent.com/u/3748762?v=3	1
ApocalypticMC	https://avatars.githubusercontent.com/u/6157869?v=3	1
ArCorvus	https://avatars.githubusercontent.com/u/1853143?v=3	4
Archimagus	https://avatars.githubusercontent.com/u/7319949?v=3	2
Archivolts	https://avatars.githubusercontent.com/u/15175840?v=3	1
Arelius	https://avatars.githubusercontent.com/u/45490?v=3	1
ArloKabanah	https://avatars.githubusercontent.com/u/709597?v=3	1
ArneBezuijen	https://avatars.githubusercontent.com/u/7004258?v=3	2
Astrophysical	https://avatars.githubusercontent.com/u/9499418?v=3	1
AusRedNeck	https://avatars.githubusercontent.com/u/4153627?v=3	1
Awakened707	https://avatars.githubusercontent.com/u/16507719?v=3	1
Azteroth	https://avatars.githubusercontent.com/u/7332146?v=3	2
B-Cinos	https://avatars.githubusercontent.com/u/16492938?v=3	4
BGR360	https://avatars.githubusercontent.com/u/13339928?v=3	2
Badrik	https://avatars.githubusercontent.com/u/14851952?v=3	1
BaiCaiX	https://avatars.githubusercontent.com/u/6872485?v=3	2
Banbury	https://avatars.githubusercontent.com/u/4481723?v=3	1
BenniKane	https://avatars.githubusercontent.com/u/10493234?v=3	3
BhaaLseN	https://avatars.githubusercontent.com/u/826052?v=3	2
Bleakwise	https://avatars.githubusercontent.com/u/6995211?v=3	2
Bogustus	https://avatars.githubusercontent.com/u/13024703?v=3	3
BorMor	https://avatars.githubusercontent.com/u/739506?v=3	1
BorderlineInappropriateGameStudios	https://avatars.githubusercontent.com/u/16907362?v=3	1
BrUnOXaVIeRLeiTE	https://avatars.githubusercontent.com/u/7397894?v=3	1
Branhub	https://avatars.githubusercontent.com/u/10728675?v=3	1
Brianelvio	https://avatars.githubusercontent.com/u/4085200?v=3	1
BrodyHiggerson	https://avatars.githubusercontent.com/u/7245990?v=3	1
CAPTNCAPS	https://avatars.githubusercontent.com/u/3923406?v=3	1
CHINA-LOONG	https://avatars.githubusercontent.com/u/16791605?v=3	2
CJRobertson	https://avatars.githubusercontent.com/u/13307644?v=3	1
CYBER-ZX	https://avatars.githubusercontent.com/u/13208931?v=3	1
Cabal2002	https://avatars.githubusercontent.com/u/6716877?v=3	1
Caleb5567	https://avatars.githubusercontent.com/u/4400976?v=3	1
CapelaGames	https://avatars.githubusercontent.com/u/4813173?v=3	1
CelPlays	https://avatars.githubusercontent.com/u/11318856?v=3	5
ChangHao1984	https://avatars.githubusercontent.com/u/13269834?v=3	1
Chaos192	https://avatars.githubusercontent.com/u/9710259?v=3	1
Charmzine	https://avatars.githubusercontent.com/u/2962570?v=3	1
Chooka	https://avatars.githubusercontent.com/u/7192904?v=3	2
Chris-Bond	https://avatars.githubusercontent.com/u/4180991?v=3	2
Chris528	https://avatars.githubusercontent.com/u/4874559?v=3	2
ChyrosNX	https://avatars.githubusercontent.com/u/7543677?v=3	1
CicTec	https://avatars.githubusercontent.com/u/11332911?v=3	1
CleanCut	https://avatars.githubusercontent.com/u/5838512?v=3	5
CodePhase	https://avatars.githubusercontent.com/u/14020204?v=3	2
CodeSpartan	https://avatars.githubusercontent.com/u/10173914?v=3	2
CodingJar	https://avatars.githubusercontent.com/u/7340414?v=3	1
CoherentUE4	https://avatars.githubusercontent.com/u/7524678?v=3	4
CollateralStudios	https://avatars.githubusercontent.com/u/2079014?v=3	1
Cotoff	https://avatars.githubusercontent.com/u/2743406?v=3	1
Cultrarius	https://avatars.githubusercontent.com/u/6640545?v=3	2
DWWiley	https://avatars.githubusercontent.com/u/11355737?v=3	1
DaJoker29	https://avatars.githubusercontent.com/u/4016143?v=3	1
DamirHalilovic	https://avatars.githubusercontent.com/u/2128993?v=3	2
DanielDylan	https://avatars.githubusercontent.com/u/8298468?v=3	1
Darkkitten	https://avatars.githubusercontent.com/u/501104?v=3	1
DarthCoder117	https://avatars.githubusercontent.com/u/8205629?v=3	1
DaveC79	https://avatars.githubusercontent.com/u/19331743?v=3	1
DavidNSIlva	https://avatars.githubusercontent.com/u/11698430?v=3	1
DeDuva	https://avatars.githubusercontent.com/u/8153108?v=3	1
Deaod	https://avatars.githubusercontent.com/u/1832633?v=3	1
DerDolch	https://avatars.githubusercontent.com/u/3903621?v=3	1
DevVancouver	https://avatars.githubusercontent.com/u/19311276?v=3	1
DfentietY	https://avatars.githubusercontent.com/u/15140488?v=3	1
DiCoJamesTan	https://avatars.githubusercontent.com/u/4443574?v=3	7
Dimiondark	https://avatars.githubusercontent.com/u/5507578?v=3	1
Diver726	https://avatars.githubusercontent.com/u/11493380?v=3	1
DjSt3rios	https://avatars.githubusercontent.com/u/11777451?v=3	1
DongHyukPark1	https://avatars.githubusercontent.com/u/9147126?v=3	1
DrRed01	https://avatars.githubusercontent.com/u/16235851?v=3	1
DrVirtual	https://avatars.githubusercontent.com/u/6737355?v=3	2
Dracophoenix1	https://avatars.githubusercontent.com/u/8062776?v=3	1
DrakeKnight	https://avatars.githubusercontent.com/u/12845563?v=3	2
DrasticLink	https://avatars.githubusercontent.com/u/6874887?v=3	1
Drayan	https://avatars.githubusercontent.com/u/2163343?v=3	2
Drudenhaus	https://avatars.githubusercontent.com/u/6538482?v=3	1
DualCoder	https://avatars.githubusercontent.com/u/1181849?v=3	1
EPLKleijntjens	https://avatars.githubusercontent.com/u/4037338?v=3	1
ETayrienHBO	https://avatars.githubusercontent.com/u/6362565?v=3	2
EaTa	https://avatars.githubusercontent.com/u/1959816?v=3	1
EdReklusive	https://avatars.githubusercontent.com/u/7200617?v=3	1
EddieGong	https://avatars.githubusercontent.com/u/10717654?v=3	2
Ehamloptiran	https://avatars.githubusercontent.com/u/7194285?v=3	1
EhsanEbrahimzadeh	https://avatars.githubusercontent.com/u/16302994?v=3	1
Elringus	https://avatars.githubusercontent.com/u/2056864?v=3	1
Eric-Ketchum	https://avatars.githubusercontent.com/u/7632729?v=3	1
ErwinT6	https://avatars.githubusercontent.com/u/6044250?v=3	2
EverNewJoy	https://avatars.githubusercontent.com/u/7001841?v=3	106
EvilMindsGFX	https://avatars.githubusercontent.com/u/7989208?v=3	1
EwanGitUser	https://avatars.githubusercontent.com/u/12480188?v=3	2
ExpiredPopsicle	https://avatars.githubusercontent.com/u/1193085?v=3	5
FTPiano	https://avatars.githubusercontent.com/u/11197448?v=3	1
FamilioDevel	https://avatars.githubusercontent.com/u/7452890?v=3	1
FerventZinder	https://avatars.githubusercontent.com/u/7245347?v=3	1
FerzanVivec	https://avatars.githubusercontent.com/u/13218103?v=3	1
FinalSparkGamestudios	https://avatars.githubusercontent.com/u/7058926?v=3	1
FineRedMist	https://avatars.githubusercontent.com/u/1832056?v=3	18
FinnT730	https://avatars.githubusercontent.com/u/7442674?v=3	1
Footman	https://avatars.githubusercontent.com/u/136351?v=3	1
FortuneMatthew	https://avatars.githubusercontent.com/u/8600056?v=3	1
FrostByteGER	https://avatars.githubusercontent.com/u/3531645?v=3	2
Frugality	https://avatars.githubusercontent.com/u/2718599?v=3	4
Furkanzmc	https://avatars.githubusercontent.com/u/932717?v=3	1
G4m4	https://avatars.githubusercontent.com/u/4056925?v=3	3
GabrielHare	https://avatars.githubusercontent.com/u/5515456?v=3	2
Gang-Kyoung-Seoung	https://avatars.githubusercontent.com/u/11400652?v=3	1
GearsOfProgram	https://avatars.githubusercontent.com/u/7006383?v=3	2
Geneses	https://avatars.githubusercontent.com/u/359617?v=3	3
GeorgeAth	https://avatars.githubusercontent.com/u/4972199?v=3	1
Ghost-yc	https://avatars.githubusercontent.com/u/8528210?v=3	1
Gigantoad	https://avatars.githubusercontent.com/u/6306953?v=3	5
GigasightMedia	https://avatars.githubusercontent.com/u/10565853?v=3	2
Gnobeus	https://avatars.githubusercontent.com/u/13387426?v=3	1
GorandomStudios	https://avatars.githubusercontent.com/u/9569803?v=3	1
GreatEmerald	https://avatars.githubusercontent.com/u/726893?v=3	1
Grimmick	https://avatars.githubusercontent.com/u/17095434?v=3	1
Hadvin	https://avatars.githubusercontent.com/u/5097079?v=3	1
Halo14-	https://avatars.githubusercontent.com/u/9018568?v=3	1
Hazzr	https://avatars.githubusercontent.com/u/2627476?v=3	1
Hevedy	https://avatars.githubusercontent.com/u/3521442?v=3	14
HueyPark	https://avatars.githubusercontent.com/u/7126328?v=3	1
HughieDM	https://avatars.githubusercontent.com/u/7144875?v=3	2
Hurricane86	https://avatars.githubusercontent.com/u/508333?v=3	1
Hydrael	https://avatars.githubusercontent.com/u/1052874?v=3	2
IanBreeg	https://avatars.githubusercontent.com/u/8023755?v=3	2
Iconoklast	https://avatars.githubusercontent.com/u/13213081?v=3	1
Iinin	https://avatars.githubusercontent.com/u/596079?v=3	1
Impossible	https://avatars.githubusercontent.com/u/451153?v=3	1
Inmatic	https://avatars.githubusercontent.com/u/7060086?v=3	1
Ixiguis	https://avatars.githubusercontent.com/u/7001605?v=3	13
JFerguson20	https://avatars.githubusercontent.com/u/5384002?v=3	2
JKapostins	https://avatars.githubusercontent.com/u/7006862?v=3	1
JOUNGYUYOUNG	https://avatars.githubusercontent.com/u/18694410?v=3	1
JSeparatist	https://avatars.githubusercontent.com/u/11092791?v=3	1
JackFrost1127	https://avatars.githubusercontent.com/u/16837672?v=3	1
JaredTherriault	https://avatars.githubusercontent.com/u/8760446?v=3	10
JedTheKrampus	https://avatars.githubusercontent.com/u/362858?v=3	2
JeffRous	https://avatars.githubusercontent.com/u/7027957?v=3	21
JeroMiya	https://avatars.githubusercontent.com/u/320332?v=3	1
JoeHegarty	https://avatars.githubusercontent.com/u/3164127?v=3	1
JohnAlcatraz	https://avatars.githubusercontent.com/u/12215210?v=3	1
JoshuaKaiser	https://avatars.githubusercontent.com/u/1541038?v=3	2
JulindaT	https://avatars.githubusercontent.com/u/3359803?v=3	1
K1ll3rF0x	https://avatars.githubusercontent.com/u/988779?v=3	1
Kamayuq	https://avatars.githubusercontent.com/u/7002622?v=3	2
KazumasaOhashi	https://avatars.githubusercontent.com/u/7089263?v=3	3
Keiyentai	https://avatars.githubusercontent.com/u/7016923?v=3	1
KenshinLux	https://avatars.githubusercontent.com/u/1223728?v=3	1
KhArtNJava	https://avatars.githubusercontent.com/u/757085?v=3	2
KilledByAPixel	https://avatars.githubusercontent.com/u/16227600?v=3	2
Kiqras	https://avatars.githubusercontent.com/u/12608636?v=3	2
KitatusStudios	https://avatars.githubusercontent.com/u/7001205?v=3	2
KnightOfPluto	https://avatars.githubusercontent.com/u/7231610?v=3	1
KnightTechDev	https://avatars.githubusercontent.com/u/7026797?v=3	2
Koderz	https://avatars.githubusercontent.com/u/6476896?v=3	5
Koncord	https://avatars.githubusercontent.com/u/6268700?v=3	1
KrisRedbeard	https://avatars.githubusercontent.com/u/7003771?v=3	4
KrishMunot	https://avatars.githubusercontent.com/u/4161617?v=3	1
Kurzstuvwxyz	https://avatars.githubusercontent.com/u/11802627?v=3	1
LLAGC	https://avatars.githubusercontent.com/u/17784585?v=3	1
Langoustee	https://avatars.githubusercontent.com/u/7033942?v=3	1
Lectem	https://avatars.githubusercontent.com/u/6024225?v=3	1
Lekoid	https://avatars.githubusercontent.com/u/11537618?v=3	2
Liaoer	https://avatars.githubusercontent.com/u/2783394?v=3	1
LinuxDonald	https://avatars.githubusercontent.com/u/1757651?v=3	3
Lohengram	https://avatars.githubusercontent.com/u/9548332?v=3	2
Lu9us	https://avatars.githubusercontent.com/u/9255106?v=3	1
Lucyberad	https://avatars.githubusercontent.com/u/4835661?v=3	1
LuggLD	https://avatars.githubusercontent.com/u/404530?v=3	2
LuminousYoshi	https://avatars.githubusercontent.com/u/7092866?v=3	1
M3d10n	https://avatars.githubusercontent.com/u/2884750?v=3	5
MJLaukala	https://avatars.githubusercontent.com/u/8014895?v=3	2
MJongbloed	https://avatars.githubusercontent.com/u/8753830?v=3	1
MSTF	https://avatars.githubusercontent.com/u/344172?v=3	2
MWadstein	https://avatars.githubusercontent.com/u/5479920?v=3	1
MacAndor	https://avatars.githubusercontent.com/u/10120551?v=3	1
Macwolf	https://avatars.githubusercontent.com/u/11370457?v=3	1
Maddius	https://avatars.githubusercontent.com/u/7528683?v=3	1
MagnusTiberius	https://avatars.githubusercontent.com/u/5945145?v=3	1
MaideCa	https://avatars.githubusercontent.com/u/183820?v=3	4
MaikKlein	https://avatars.githubusercontent.com/u/1994306?v=3	1
Malfate	https://avatars.githubusercontent.com/u/479514?v=3	4
Malharhak	https://avatars.githubusercontent.com/u/1092793?v=3	1
ManGrown	https://avatars.githubusercontent.com/u/15316280?v=3	1
Manny-MADE	https://avatars.githubusercontent.com/u/1478338?v=3	7
MarcKamradt	https://avatars.githubusercontent.com/u/3525509?v=3	14
MarcelBlanck	https://avatars.githubusercontent.com/u/7188195?v=3	2
Marenz	https://avatars.githubusercontent.com/u/424752?v=3	2
MartinAramini	https://avatars.githubusercontent.com/u/10573950?v=3	1
MartinPalko	https://avatars.githubusercontent.com/u/2288477?v=3	1
MatamVamshiKrishna	https://avatars.githubusercontent.com/u/8576094?v=3	1
Mattiwatti	https://avatars.githubusercontent.com/u/3313892?v=3	6
MatzeOGH	https://avatars.githubusercontent.com/u/11275501?v=3	4
MaxStegen	https://avatars.githubusercontent.com/u/13766193?v=3	2
MaximDC	https://avatars.githubusercontent.com/u/12884833?v=3	1
Mbit555	https://avatars.githubusercontent.com/u/11309390?v=3	1
MercuryKojo	https://avatars.githubusercontent.com/u/12114276?v=3	1
Metal-Hog	https://avatars.githubusercontent.com/u/7007067?v=3	1
MetalMistral	https://avatars.githubusercontent.com/u/8663183?v=3	1
MiKom	https://avatars.githubusercontent.com/u/104767?v=3	2
Michael3DX	https://avatars.githubusercontent.com/u/11541663?v=3	1
MichaelRDavis	https://avatars.githubusercontent.com/u/16537272?v=3	1
MichaelSchoell	https://avatars.githubusercontent.com/u/1381001?v=3	4
Michelle12188	https://avatars.githubusercontent.com/u/8868192?v=3	1
MightyErnie	https://avatars.githubusercontent.com/u/75587?v=3	1
MilkyEngineer	https://avatars.githubusercontent.com/u/7020632?v=3	1
MiniTurtle	https://avatars.githubusercontent.com/u/8394652?v=3	1
Molt	https://avatars.githubusercontent.com/u/228682?v=3	1
MrBadidea	https://avatars.githubusercontent.com/u/5762712?v=3	1
MrCrowbar	https://avatars.githubusercontent.com/u/6435566?v=3	3
MrSeffers	https://avatars.githubusercontent.com/u/15126164?v=3	1
MyDigitalLife	https://avatars.githubusercontent.com/u/5130538?v=3	1
NFDream	https://avatars.githubusercontent.com/u/7054183?v=3	1
Nachtmahr87	https://avatars.githubusercontent.com/u/3781130?v=3	2
NaikSoftware	https://avatars.githubusercontent.com/u/4218994?v=3	1
NaturalMotionTechnology	https://avatars.githubusercontent.com/u/17493059?v=3	2
NetGon	https://avatars.githubusercontent.com/u/8194122?v=3	1
NeverContent	https://avatars.githubusercontent.com/u/12562060?v=3	1
NightNord	https://avatars.githubusercontent.com/u/359134?v=3	1
Nihlus	https://avatars.githubusercontent.com/u/2340428?v=3	4
NoahXia	https://avatars.githubusercontent.com/u/5319486?v=3	1
Nojan	https://avatars.githubusercontent.com/u/1184042?v=3	1
Nuclearfossil	https://avatars.githubusercontent.com/u/398853?v=3	3
OCT-Burnz	https://avatars.githubusercontent.com/u/13125500?v=3	1
OFlag	https://avatars.githubusercontent.com/u/3391685?v=3	1
OPTIPlanet	https://avatars.githubusercontent.com/u/2400246?v=3	3
OWIAdmin	https://avatars.githubusercontent.com/u/12049107?v=3	1
Ogniok	https://avatars.githubusercontent.com/u/1993625?v=3	2
Omar007	https://avatars.githubusercontent.com/u/5380079?v=3	1
OrangeeZ	https://avatars.githubusercontent.com/u/7123334?v=3	1
Otatski	https://avatars.githubusercontent.com/u/7271797?v=3	1
PB-Aidan	https://avatars.githubusercontent.com/u/10165831?v=3	1
PSG-Luna	https://avatars.githubusercontent.com/u/5576448?v=3	3
PaulEremeeff	https://avatars.githubusercontent.com/u/11420282?v=3	6
PeaceMF	https://avatars.githubusercontent.com/u/13312960?v=3	1
Pengwin3	https://avatars.githubusercontent.com/u/18177270?v=3	1
PhoenixBlack	https://avatars.githubusercontent.com/u/1712977?v=3	15
Pierdek	https://avatars.githubusercontent.com/u/7024201?v=3	33
PinoEire	https://avatars.githubusercontent.com/u/460651?v=3	1
PistonMiner	https://avatars.githubusercontent.com/u/8526337?v=3	1
PjotrSvetachov	https://avatars.githubusercontent.com/u/7099961?v=3	4
Polterageist	https://avatars.githubusercontent.com/u/2768108?v=3	1
PostalDude	https://avatars.githubusercontent.com/u/788153?v=3	1
Pranavpaharia	https://avatars.githubusercontent.com/u/5706173?v=3	4
Pro4cy	https://avatars.githubusercontent.com/u/8415669?v=3	1
PumpyBird	https://avatars.githubusercontent.com/u/12497588?v=3	1
Pyropace	https://avatars.githubusercontent.com/u/88437?v=3	1
Quadtree	https://avatars.githubusercontent.com/u/7550567?v=3	2
QuenLeo	https://avatars.githubusercontent.com/u/16307720?v=3	1
RainerD999	https://avatars.githubusercontent.com/u/12373570?v=3	4
RajaToshin03	https://avatars.githubusercontent.com/u/18209413?v=3	1
RalphJaeger	https://avatars.githubusercontent.com/u/7011320?v=3	1
Randl	https://avatars.githubusercontent.com/u/3028543?v=3	1
Real-	https://avatars.githubusercontent.com/u/3581136?v=3	1
RealityAddiction	https://avatars.githubusercontent.com/u/13854278?v=3	1
RedD111	https://avatars.githubusercontent.com/u/7005988?v=3	1
Resok	https://avatars.githubusercontent.com/u/5217673?v=3	1
Rhynedahll	https://avatars.githubusercontent.com/u/10297804?v=3	4
RobMcLachlan	https://avatars.githubusercontent.com/u/13811380?v=3	1
RobertTroughton	https://avatars.githubusercontent.com/u/13899639?v=3	3
RonaldoFleming	https://avatars.githubusercontent.com/u/5081949?v=3	1
Rottbott	https://avatars.githubusercontent.com/u/5526107?v=3	2
Roxsen	https://avatars.githubusercontent.com/u/10321995?v=3	1
Rush	https://avatars.githubusercontent.com/u/115926?v=3	1
RyanNielson	https://avatars.githubusercontent.com/u/794694?v=3	2
S-ed	https://avatars.githubusercontent.com/u/3008353?v=3	1
SHolman678	https://avatars.githubusercontent.com/u/6137012?v=3	1
SNikon	https://avatars.githubusercontent.com/u/7690453?v=3	2
SRombauts	https://avatars.githubusercontent.com/u/868490?v=3	27
SaffronCR	https://avatars.githubusercontent.com/u/11486276?v=3	2
SavageDogg	https://avatars.githubusercontent.com/u/5800495?v=3	1
SaxonRah	https://avatars.githubusercontent.com/u/1730424?v=3	3
Scienziatogm	https://avatars.githubusercontent.com/u/7039644?v=3	2
ScottMichaud	https://avatars.githubusercontent.com/u/2958972?v=3	2
Sektor	https://avatars.githubusercontent.com/u/99968?v=3	1
Senzaki	https://avatars.githubusercontent.com/u/2004877?v=3	1
SeriousLabs	https://avatars.githubusercontent.com/u/7004434?v=3	1
SeungyoonJi	https://avatars.githubusercontent.com/u/15097413?v=3	1
Sevaarcen	https://avatars.githubusercontent.com/u/13499982?v=3	1
Shaijan	https://avatars.githubusercontent.com/u/2438338?v=3	1
Shammah	https://avatars.githubusercontent.com/u/1854439?v=3	4
ShawnLee841123	https://avatars.githubusercontent.com/u/18652377?v=3	1
Shyclyde	https://avatars.githubusercontent.com/u/7309992?v=3	1
SideEffectsDev	https://avatars.githubusercontent.com/u/7132003?v=3	1
SilentCry1	https://avatars.githubusercontent.com/u/7016705?v=3	1
SilverCode	https://avatars.githubusercontent.com/u/242459?v=3	1
SimonEvesIMG	https://avatars.githubusercontent.com/u/19271321?v=3	1
SionSheevok	https://avatars.githubusercontent.com/u/6013368?v=3	2
Sirrah	https://avatars.githubusercontent.com/u/756743?v=3	1
Skalicon	https://avatars.githubusercontent.com/u/8050360?v=3	1
Skrapion	https://avatars.githubusercontent.com/u/7947346?v=3	5
Skryper	https://avatars.githubusercontent.com/u/8291795?v=3	1
Skylonxe	https://avatars.githubusercontent.com/u/8238957?v=3	1
Skyrant	https://avatars.githubusercontent.com/u/3149649?v=3	1
Slasher006	https://avatars.githubusercontent.com/u/3188514?v=3	1
SmilingMiles	https://avatars.githubusercontent.com/u/6202354?v=3	1
Sneagan	https://avatars.githubusercontent.com/u/1883491?v=3	1
Snipe3000	https://avatars.githubusercontent.com/u/1177321?v=3	2
Snowcrash5	https://avatars.githubusercontent.com/u/10639405?v=3	2
Sorrun	https://avatars.githubusercontent.com/u/11592890?v=3	1
Soverance	https://avatars.githubusercontent.com/u/10103384?v=3	1
SoxWolf	https://avatars.githubusercontent.com/u/5972841?v=3	2
StephenWebb	https://avatars.githubusercontent.com/u/7092822?v=3	1
SteveFox1620	https://avatars.githubusercontent.com/u/7036823?v=3	1
Stormwind99	https://avatars.githubusercontent.com/u/9441438?v=3	3
Stranho	https://avatars.githubusercontent.com/u/2942405?v=3	2
SuperAbdo	https://avatars.githubusercontent.com/u/7118695?v=3	1
SupremeNinjaMaster	https://avatars.githubusercontent.com/u/17259864?v=3	1
Swoorup	https://avatars.githubusercontent.com/u/3408009?v=3	1
T-Dawg	https://avatars.githubusercontent.com/u/6808962?v=3	2
TNRepository	https://avatars.githubusercontent.com/u/6433813?v=3	1
Taces	https://avatars.githubusercontent.com/u/5639988?v=3	1
TamedTornado	https://avatars.githubusercontent.com/u/7510041?v=3	3
Teddy0	https://avatars.githubusercontent.com/u/7030332?v=3	1
Teivaz	https://avatars.githubusercontent.com/u/4460981?v=3	1
Temaran	https://avatars.githubusercontent.com/u/5060324?v=3	5
Teosofo	https://avatars.githubusercontent.com/u/9046684?v=3	1
TerenceBurns	https://avatars.githubusercontent.com/u/5236467?v=3	1
TheAgent007	https://avatars.githubusercontent.com/u/7087924?v=3	1
TheBeej	https://avatars.githubusercontent.com/u/7427485?v=3	1
TheCapn	https://avatars.githubusercontent.com/u/236408?v=3	1
TheCodez	https://avatars.githubusercontent.com/u/4009589?v=3	4
TheJamsh	https://avatars.githubusercontent.com/u/6131891?v=3	1
TheSoeldner	https://avatars.githubusercontent.com/u/9998145?v=3	3
TheYoda	https://avatars.githubusercontent.com/u/8038226?v=3	2
ThomasMcVay	https://avatars.githubusercontent.com/u/9937336?v=3	3
Tiramas	https://avatars.githubusercontent.com/u/13611009?v=3	1
TroutZhang	https://avatars.githubusercontent.com/u/3135621?v=3	1
TwoD	https://avatars.githubusercontent.com/u/451168?v=3	1
UE4Illumination	https://avatars.githubusercontent.com/u/16144392?v=3	1
UnrealEverything	https://avatars.githubusercontent.com/u/7516367?v=3	2
Usagin	https://avatars.githubusercontent.com/u/7955543?v=3	1
VG-Kjell	https://avatars.githubusercontent.com/u/7211260?v=3	1
Verdoso	https://avatars.githubusercontent.com/u/5923466?v=3	2
Vesnica	https://avatars.githubusercontent.com/u/1401615?v=3	1
WM3dteam	https://avatars.githubusercontent.com/u/13891908?v=3	1
Wabo	https://avatars.githubusercontent.com/u/3359797?v=3	1
Web-eWorks	https://avatars.githubusercontent.com/u/4218491?v=3	1
Wingar	https://avatars.githubusercontent.com/u/1838015?v=3	1
Wizardsemail	https://avatars.githubusercontent.com/u/7355361?v=3	3
WymzeeLabs	https://avatars.githubusercontent.com/u/4015134?v=3	1
Xaklse	https://avatars.githubusercontent.com/u/891825?v=3	7
XpycT	https://avatars.githubusercontent.com/u/120016?v=3	1
XtremeGamers	https://avatars.githubusercontent.com/u/7887135?v=3	1
YasushiHirakawa	https://avatars.githubusercontent.com/u/9208019?v=3	1
Yelmond	https://avatars.githubusercontent.com/u/178878?v=3	1
ZKShao	https://avatars.githubusercontent.com/u/4610998?v=3	2
ZOMBIESNU	https://avatars.githubusercontent.com/u/8204393?v=3	1
Zangetsu-GPO	https://avatars.githubusercontent.com/u/7021056?v=3	1
Zarkopafilis	https://avatars.githubusercontent.com/u/5436722?v=3	1
Zashikivarashi	https://avatars.githubusercontent.com/u/9843741?v=3	1
ZehM4tt	https://avatars.githubusercontent.com/u/5415177?v=3	1
Zelex	https://avatars.githubusercontent.com/u/410696?v=3	13
Zer033x	https://avatars.githubusercontent.com/u/8417837?v=3	2
ZeroDensity	https://avatars.githubusercontent.com/u/18005395?v=3	2
ZhangYuejun	https://avatars.githubusercontent.com/u/7036074?v=3	1
Zifkan	https://avatars.githubusercontent.com/u/7218326?v=3	2
ZingZingMG	https://avatars.githubusercontent.com/u/7010377?v=3	2
Zoubi	https://avatars.githubusercontent.com/u/855789?v=3	8
a-prejean	https://avatars.githubusercontent.com/u/17726652?v=3	2
aaronmjacobs	https://avatars.githubusercontent.com/u/1409522?v=3	2
abergmeier	https://avatars.githubusercontent.com/u/2580183?v=3	28
abhisheksagi	https://avatars.githubusercontent.com/u/8456703?v=3	1
ablankholm	https://avatars.githubusercontent.com/u/6455136?v=3	1
adinu79	https://avatars.githubusercontent.com/u/11281149?v=3	1
adrianirwin	https://avatars.githubusercontent.com/u/3632604?v=3	1
aduosi1212	https://avatars.githubusercontent.com/u/7030582?v=3	1
aeronzhou	https://avatars.githubusercontent.com/u/1204074?v=3	1
aethelwyrd	https://avatars.githubusercontent.com/u/7065582?v=3	1
ahatala	https://avatars.githubusercontent.com/u/1539505?v=3	2
ahmedismaiel	https://avatars.githubusercontent.com/u/1145480?v=3	3
akuseru	https://avatars.githubusercontent.com/u/452568?v=3	3
akx	https://avatars.githubusercontent.com/u/58669?v=3	1
alexSilkin	https://avatars.githubusercontent.com/u/2219263?v=3	14
alexbourdon	https://avatars.githubusercontent.com/u/3356171?v=3	1
alexcmd	https://avatars.githubusercontent.com/u/844850?v=3	1
alexpana	https://avatars.githubusercontent.com/u/2174211?v=3	1
algala	https://avatars.githubusercontent.com/u/6940829?v=3	1
alk3ovation	https://avatars.githubusercontent.com/u/2175697?v=3	2
alwei	https://avatars.githubusercontent.com/u/1210723?v=3	1
alwintom	https://avatars.githubusercontent.com/u/7446066?v=3	1
amcofi	https://avatars.githubusercontent.com/u/11678487?v=3	1
ameets21	https://avatars.githubusercontent.com/u/7465991?v=3	1
anderskaplan	https://avatars.githubusercontent.com/u/2505446?v=3	1
andreasschultes	https://avatars.githubusercontent.com/u/10244289?v=3	2
andrewjoy	https://avatars.githubusercontent.com/u/7005137?v=3	1
angelmixu	https://avatars.githubusercontent.com/u/2285977?v=3	1
angjminer	https://avatars.githubusercontent.com/u/6482466?v=3	2
antinnit	https://avatars.githubusercontent.com/u/11778652?v=3	1
antonyjones67	https://avatars.githubusercontent.com/u/3905646?v=3	1
archimage-rtapia	https://avatars.githubusercontent.com/u/6721147?v=3	1
ardneran	https://avatars.githubusercontent.com/u/1923568?v=3	5
arkondev	https://avatars.githubusercontent.com/u/4832647?v=3	1
artemavrin	https://avatars.githubusercontent.com/u/10955496?v=3	1
asdzxcv	https://avatars.githubusercontent.com/u/10795866?v=3	2
ashulzhenko-nvidia	https://avatars.githubusercontent.com/u/11519628?v=3	1
assumptionsoup	https://avatars.githubusercontent.com/u/278467?v=3	1
asunnytiger	https://avatars.githubusercontent.com/u/3435196?v=3	1
atf-cguerin	https://avatars.githubusercontent.com/u/19433610?v=3	1
audiokinetic	https://avatars.githubusercontent.com/u/7315820?v=3	1
axi430	https://avatars.githubusercontent.com/u/11018889?v=3	1
aylaylay	https://avatars.githubusercontent.com/u/1667289?v=3	2
b-xiang	https://avatars.githubusercontent.com/u/1780042?v=3	1
bastard9	https://avatars.githubusercontent.com/u/7798339?v=3	4
bejitt	https://avatars.githubusercontent.com/u/1378357?v=3	1
ben-marsh	https://avatars.githubusercontent.com/u/6538947?v=3	8
ben-marsh-public	https://avatars.githubusercontent.com/u/13035311?v=3	1
benloong	https://avatars.githubusercontent.com/u/1171605?v=3	1
bensch128	https://avatars.githubusercontent.com/u/63752?v=3	1
berhardis	https://avatars.githubusercontent.com/u/11749935?v=3	1
bernob	https://avatars.githubusercontent.com/u/1255965?v=3	1
bfouillot	https://avatars.githubusercontent.com/u/8842739?v=3	2
bigzer	https://avatars.githubusercontent.com/u/7011570?v=3	1
bleees	https://avatars.githubusercontent.com/u/12796586?v=3	1
bluefalcon26	https://avatars.githubusercontent.com/u/5347387?v=3	1
bnss-eng	https://avatars.githubusercontent.com/u/11712007?v=3	1
bowbahdoe	https://avatars.githubusercontent.com/u/5004262?v=3	2
bowringjb	https://avatars.githubusercontent.com/u/3482378?v=3	1
boyleboys	https://avatars.githubusercontent.com/u/11747791?v=3	1
bozaro	https://avatars.githubusercontent.com/u/2458138?v=3	149
bradgrantham	https://avatars.githubusercontent.com/u/5014873?v=3	2
braindx	https://avatars.githubusercontent.com/u/2925848?v=3	4
brandonwamboldt	https://avatars.githubusercontent.com/u/629141?v=3	1
brett19	https://avatars.githubusercontent.com/u/1621627?v=3	1
brl2002	https://avatars.githubusercontent.com/u/2898171?v=3	1
brooshe	https://avatars.githubusercontent.com/u/7006073?v=3	1
bsekura	https://avatars.githubusercontent.com/u/7552761?v=3	1
bwiklund	https://avatars.githubusercontent.com/u/3586801?v=3	1
byoc	https://avatars.githubusercontent.com/u/8517096?v=3	1
byte3	https://avatars.githubusercontent.com/u/7061385?v=3	4
byteasc	https://avatars.githubusercontent.com/u/10793868?v=3	2
campd	https://avatars.githubusercontent.com/u/613063?v=3	1
carlitallica	https://avatars.githubusercontent.com/u/16602212?v=3	1
carom	https://avatars.githubusercontent.com/u/7224251?v=3	1
carsonfee	https://avatars.githubusercontent.com/u/1819541?v=3	1
cboulay	https://avatars.githubusercontent.com/u/303797?v=3	1
cbuttner	https://avatars.githubusercontent.com/u/7094011?v=3	1
cdietschrun	https://avatars.githubusercontent.com/u/1017370?v=3	3
cdsama	https://avatars.githubusercontent.com/u/7524965?v=3	1
cdwujun	https://avatars.githubusercontent.com/u/14261114?v=3	1
ceph3us	https://avatars.githubusercontent.com/u/706183?v=3	2
cgrebeld	https://avatars.githubusercontent.com/u/151467?v=3	1
cgrebeldinger	https://avatars.githubusercontent.com/u/8299820?v=3	1
chaiyuntian	https://avatars.githubusercontent.com/u/6240366?v=3	4
challengerhawk	https://avatars.githubusercontent.com/u/17491364?v=3	1
chbecher	https://avatars.githubusercontent.com/u/3307757?v=3	4
chenlzcool	https://avatars.githubusercontent.com/u/11567465?v=3	1
chentsen	https://avatars.githubusercontent.com/u/790180?v=3	1
chipgw	https://avatars.githubusercontent.com/u/3817406?v=3	1
choudhary-abhinav	https://avatars.githubusercontent.com/u/6458015?v=3	1
chrisboltonnordeus	https://avatars.githubusercontent.com/u/19488789?v=3	1
christianburger	https://avatars.githubusercontent.com/u/11908938?v=3	1
cician	https://avatars.githubusercontent.com/u/2879867?v=3	2
cinv	https://avatars.githubusercontent.com/u/12151065?v=3	1
ckchessmaster	https://avatars.githubusercontent.com/u/6402281?v=3	1
clide	https://avatars.githubusercontent.com/u/430284?v=3	1
codetackler	https://avatars.githubusercontent.com/u/9795670?v=3	3
cogwor	https://avatars.githubusercontent.com/u/7038706?v=3	1
conquests	https://avatars.githubusercontent.com/u/544999?v=3	1
coqui3d	https://avatars.githubusercontent.com/u/7550437?v=3	1
cosmo1911	https://avatars.githubusercontent.com/u/9494791?v=3	1
cpyarger	https://avatars.githubusercontent.com/u/1778298?v=3	8
crazzity	https://avatars.githubusercontent.com/u/19415092?v=3	1
crnobog	https://avatars.githubusercontent.com/u/791661?v=3	1
crocuis	https://avatars.githubusercontent.com/u/1415901?v=3	2
crosslife	https://avatars.githubusercontent.com/u/1802419?v=3	1
cty41	https://avatars.githubusercontent.com/u/567462?v=3	1
cypod	https://avatars.githubusercontent.com/u/936583?v=3	1
dadamitskiy	https://avatars.githubusercontent.com/u/7820942?v=3	1
daedalus47	https://avatars.githubusercontent.com/u/6079526?v=3	1
dahquest187	https://avatars.githubusercontent.com/u/13313765?v=3	1
darkhemic	https://avatars.githubusercontent.com/u/3652928?v=3	3
dave-newson	https://avatars.githubusercontent.com/u/5214098?v=3	1
davidbaack	https://avatars.githubusercontent.com/u/5409064?v=3	1
davidprozesky	https://avatars.githubusercontent.com/u/16029474?v=3	1
daviscazar	https://avatars.githubusercontent.com/u/16563698?v=3	1
davoodkharmanzar	https://avatars.githubusercontent.com/u/10723167?v=3	1
daxiazh	https://avatars.githubusercontent.com/u/8003994?v=3	1
dcyoung	https://avatars.githubusercontent.com/u/7978433?v=3	1
deM-on	https://avatars.githubusercontent.com/u/11282210?v=3	2
deadwizad	https://avatars.githubusercontent.com/u/1395451?v=3	1
debaetsd	https://avatars.githubusercontent.com/u/7606228?v=3	1
dejavvu	https://avatars.githubusercontent.com/u/5399129?v=3	1
delibalta	https://avatars.githubusercontent.com/u/11075896?v=3	1
demuyan	https://avatars.githubusercontent.com/u/35373?v=3	1
derekvanvliet	https://avatars.githubusercontent.com/u/301217?v=3	39
devbm	https://avatars.githubusercontent.com/u/9405394?v=3	4
dgrieshofer	https://avatars.githubusercontent.com/u/8903098?v=3	3
dkjer	https://avatars.githubusercontent.com/u/80382?v=3	1
dmahashin	https://avatars.githubusercontent.com/u/9347844?v=3	2
dogles	https://avatars.githubusercontent.com/u/1794520?v=3	3
dogucan	https://avatars.githubusercontent.com/u/17923412?v=3	1
dokipen3d	https://avatars.githubusercontent.com/u/7567809?v=3	4
donjuanito909	https://avatars.githubusercontent.com/u/362495?v=3	1
dorgonman	https://avatars.githubusercontent.com/u/1768035?v=3	2
dorkmeister	https://avatars.githubusercontent.com/u/15786972?v=3	1
dotdog20	https://avatars.githubusercontent.com/u/9628026?v=3	1
dotneB	https://avatars.githubusercontent.com/u/55632?v=3	1
douglaslassance	https://avatars.githubusercontent.com/u/1711423?v=3	1
douglasmcauliffe	https://avatars.githubusercontent.com/u/9629620?v=3	1
dransiksapoc	https://avatars.githubusercontent.com/u/7085967?v=3	1
dreckard	https://avatars.githubusercontent.com/u/5209539?v=3	1
dreed-ist	https://avatars.githubusercontent.com/u/13524954?v=3	1
drstuartlovegrove	https://avatars.githubusercontent.com/u/11229274?v=3	1
druidsbane	https://avatars.githubusercontent.com/u/2229703?v=3	3
dsaunder	https://avatars.githubusercontent.com/u/4382932?v=3	1
dsine-de	https://avatars.githubusercontent.com/u/1321192?v=3	2
dthielman	https://avatars.githubusercontent.com/u/1881074?v=3	1
dudrenov	https://avatars.githubusercontent.com/u/396047?v=3	1
dwatson031	https://avatars.githubusercontent.com/u/995745?v=3	1
dwenograd	https://avatars.githubusercontent.com/u/7005012?v=3	1
dwilliamson	https://avatars.githubusercontent.com/u/1532903?v=3	1
dyf303	https://avatars.githubusercontent.com/u/7582861?v=3	1
dynamotn	https://avatars.githubusercontent.com/u/1969668?v=3	1
dzeligman	https://avatars.githubusercontent.com/u/5367688?v=3	6
e2dx	https://avatars.githubusercontent.com/u/14054355?v=3	1
eXifreXi	https://avatars.githubusercontent.com/u/8512512?v=3	4
eaglescv	https://avatars.githubusercontent.com/u/12760871?v=3	1
echantry	https://avatars.githubusercontent.com/u/7162894?v=3	1
eelkin2000	https://avatars.githubusercontent.com/u/8826611?v=3	2
ehuss	https://avatars.githubusercontent.com/u/43198?v=3	1
emrebaydoganinfotron	https://avatars.githubusercontent.com/u/10303870?v=3	4
enlight	https://avatars.githubusercontent.com/u/233003?v=3	2
enoes241	https://avatars.githubusercontent.com/u/11010261?v=3	1
epic-developer-relations	https://avatars.githubusercontent.com/u/9810614?v=3	1
erbridge	https://avatars.githubusercontent.com/u/1027364?v=3	1
erenpinaz	https://avatars.githubusercontent.com/u/5042479?v=3	1
ericliuchina	https://avatars.githubusercontent.com/u/19297204?v=3	1
erikbye	https://avatars.githubusercontent.com/u/2594911?v=3	1
erikgassler	https://avatars.githubusercontent.com/u/5213572?v=3	1
error454	https://avatars.githubusercontent.com/u/700435?v=3	4
esdasuka	https://avatars.githubusercontent.com/u/5904863?v=3	1
essbuh	https://avatars.githubusercontent.com/u/704578?v=3	3
essentialscrum	https://avatars.githubusercontent.com/u/13216219?v=3	1
ethanmac	https://avatars.githubusercontent.com/u/8976873?v=3	1
etheranger	https://avatars.githubusercontent.com/u/14101653?v=3	1
etkirsch	https://avatars.githubusercontent.com/u/7025561?v=3	1
ewirch	https://avatars.githubusercontent.com/u/1880345?v=3	1
exelv1	https://avatars.githubusercontent.com/u/7533939?v=3	3
facet42	https://avatars.githubusercontent.com/u/875267?v=3	1
falola45	https://avatars.githubusercontent.com/u/8231281?v=3	1
fazouane-marouane	https://avatars.githubusercontent.com/u/2125859?v=3	1
fdewdfw	https://avatars.githubusercontent.com/u/17338471?v=3	1
fireapache	https://avatars.githubusercontent.com/u/5270978?v=3	1
fishman59	https://avatars.githubusercontent.com/u/7753727?v=3	1
flipswitchingmonkey	https://avatars.githubusercontent.com/u/6930367?v=3	2
flufy3d	https://avatars.githubusercontent.com/u/1730604?v=3	2
fluxist8070	https://avatars.githubusercontent.com/u/3182656?v=3	1
fpruitt	https://avatars.githubusercontent.com/u/2659644?v=3	2
frogameleon	https://avatars.githubusercontent.com/u/7071859?v=3	1
frudas24	https://avatars.githubusercontent.com/u/5379050?v=3	1
fsmorygo	https://avatars.githubusercontent.com/u/1732696?v=3	2
fufuhshs	https://avatars.githubusercontent.com/u/17719692?v=3	1
fusionlabz	https://avatars.githubusercontent.com/u/15806509?v=3	1
fxtentacle	https://avatars.githubusercontent.com/u/417520?v=3	3
gOreteQ	https://avatars.githubusercontent.com/u/10160134?v=3	1
game-god	https://avatars.githubusercontent.com/u/7012222?v=3	1
gameDNAstudio	https://avatars.githubusercontent.com/u/15182229?v=3	3
gaotianpeng	https://avatars.githubusercontent.com/u/7881029?v=3	1
gaoxiang1	https://avatars.githubusercontent.com/u/16216341?v=3	1
garciavb	https://avatars.githubusercontent.com/u/3277043?v=3	1
gasnica	https://avatars.githubusercontent.com/u/2121134?v=3	1
gastar	https://avatars.githubusercontent.com/u/3191931?v=3	1
gatekeep	https://avatars.githubusercontent.com/u/1149277?v=3	1
gatools	https://avatars.githubusercontent.com/u/4599278?v=3	2
gcclua	https://avatars.githubusercontent.com/u/11599645?v=3	1
gelu1101	https://avatars.githubusercontent.com/u/17018225?v=3	1
georgeli183	https://avatars.githubusercontent.com/u/11282296?v=3	1
gersonnovais	https://avatars.githubusercontent.com/u/2203897?v=3	1
getnamo	https://avatars.githubusercontent.com/u/542365?v=3	2
ghost	https://avatars.githubusercontent.com/u/10137?v=3	3
ghostSlo	https://avatars.githubusercontent.com/u/6434108?v=3	2
ghyui	https://avatars.githubusercontent.com/u/9496961?v=3	1
gildor2	https://avatars.githubusercontent.com/u/7008904?v=3	3
gioeleminardi	https://avatars.githubusercontent.com/u/2358520?v=3	1
gitdurandal	https://avatars.githubusercontent.com/u/1570050?v=3	1
gkolesnik	https://avatars.githubusercontent.com/u/16764742?v=3	1
glazed4444	https://avatars.githubusercontent.com/u/5561187?v=3	1
graehu	https://avatars.githubusercontent.com/u/858946?v=3	1
grafikrobot	https://avatars.githubusercontent.com/u/2998253?v=3	5
greatAznur	https://avatars.githubusercontent.com/u/20260758?v=3	1
grecia79	https://avatars.githubusercontent.com/u/7007743?v=3	1
grisevg	https://avatars.githubusercontent.com/u/155348?v=3	2
gtd138	https://avatars.githubusercontent.com/u/5865205?v=3	1
gustavoCamo	https://avatars.githubusercontent.com/u/11509448?v=3	1
guyverchronus	https://avatars.githubusercontent.com/u/9899058?v=3	1
gwedig	https://avatars.githubusercontent.com/u/8453293?v=3	1
h27han	https://avatars.githubusercontent.com/u/10564698?v=3	1
hakmultimedia	https://avatars.githubusercontent.com/u/2280853?v=3	1
halcyon00	https://avatars.githubusercontent.com/u/2030860?v=3	1
halitcan	https://avatars.githubusercontent.com/u/7988534?v=3	1
hallatore	https://avatars.githubusercontent.com/u/365605?v=3	2
hameual	https://avatars.githubusercontent.com/u/4921563?v=3	1
hamo2k1	https://avatars.githubusercontent.com/u/7742184?v=3	1
hanun4	https://avatars.githubusercontent.com/u/16068885?v=3	1
haowang1013	https://avatars.githubusercontent.com/u/7006155?v=3	2
hawkinse	https://avatars.githubusercontent.com/u/11278437?v=3	2
hayden-robins	https://avatars.githubusercontent.com/u/15101633?v=3	1
haylax	https://avatars.githubusercontent.com/u/468721?v=3	1
hbiede	https://avatars.githubusercontent.com/u/6586509?v=3	1
henrya2	https://avatars.githubusercontent.com/u/959309?v=3	1
herve-brun	https://avatars.githubusercontent.com/u/7703249?v=3	1
hgamiel	https://avatars.githubusercontent.com/u/6138425?v=3	8
hhb289359357	https://avatars.githubusercontent.com/u/6221308?v=3	1
highattack30	https://avatars.githubusercontent.com/u/11993013?v=3	1
hijs2000	https://avatars.githubusercontent.com/u/7333041?v=3	1
hilmardietrich	https://avatars.githubusercontent.com/u/13585768?v=3	1
hmiyoshi00	https://avatars.githubusercontent.com/u/17824183?v=3	1
hmxxf	https://avatars.githubusercontent.com/u/16234552?v=3	1
hoelzl	https://avatars.githubusercontent.com/u/35998?v=3	1
hoiogi	https://avatars.githubusercontent.com/u/848881?v=3	1
hotgluegames	https://avatars.githubusercontent.com/u/11008536?v=3	1
housakusleeping	https://avatars.githubusercontent.com/u/3047163?v=3	1
hsdxpro	https://avatars.githubusercontent.com/u/5315603?v=3	6
hypertriton	https://avatars.githubusercontent.com/u/1153753?v=3	1
i64	https://avatars.githubusercontent.com/u/278928?v=3	3
iSpakkio	https://avatars.githubusercontent.com/u/1387683?v=3	2
iUltimateLP	https://avatars.githubusercontent.com/u/8491339?v=3	1
ianmoran1970	https://avatars.githubusercontent.com/u/13075904?v=3	1
icartsh	https://avatars.githubusercontent.com/u/5387321?v=3	1
ikrima	https://avatars.githubusercontent.com/u/505737?v=3	1
ill	https://avatars.githubusercontent.com/u/173169?v=3	4
inQonsole	https://avatars.githubusercontent.com/u/7810192?v=3	3
indygoof	https://avatars.githubusercontent.com/u/7060953?v=3	3
inequation	https://avatars.githubusercontent.com/u/320285?v=3	2
iniside	https://avatars.githubusercontent.com/u/1643810?v=3	16
int2000	https://avatars.githubusercontent.com/u/11308913?v=3	1
invigialnce	https://avatars.githubusercontent.com/u/17654608?v=3	4
jaccen	https://avatars.githubusercontent.com/u/11365494?v=3	2
jackdarkness12	https://avatars.githubusercontent.com/u/17360086?v=3	1
jackesdavid	https://avatars.githubusercontent.com/u/5096584?v=3	1
jamendxman3	https://avatars.githubusercontent.com/u/15897681?v=3	2
james0x0A	https://avatars.githubusercontent.com/u/534494?v=3	3
jamesfer	https://avatars.githubusercontent.com/u/7485167?v=3	1
jdh84	https://avatars.githubusercontent.com/u/7821179?v=3	1
jedlickat	https://avatars.githubusercontent.com/u/7070959?v=3	2
jefferyliangmh	https://avatars.githubusercontent.com/u/7865184?v=3	1
jeffvoigt	https://avatars.githubusercontent.com/u/8267805?v=3	1
jeremiahwaldron	https://avatars.githubusercontent.com/u/7320027?v=3	2
jhavstad	https://avatars.githubusercontent.com/u/1765545?v=3	1
jhessin	https://avatars.githubusercontent.com/u/6241466?v=3	1
jhhoward	https://avatars.githubusercontent.com/u/1665740?v=3	1
jiberaosh	https://avatars.githubusercontent.com/u/14815755?v=3	1
jkantzer	https://avatars.githubusercontent.com/u/1375617?v=3	1
jlamarche	https://avatars.githubusercontent.com/u/180141?v=3	4
jnight	https://avatars.githubusercontent.com/u/9388443?v=3	1
joazlazer	https://avatars.githubusercontent.com/u/4778091?v=3	1
jobs-git	https://avatars.githubusercontent.com/u/13552004?v=3	2
joelmcginnis	https://avatars.githubusercontent.com/u/6786332?v=3	6
joelriendeau	https://avatars.githubusercontent.com/u/475850?v=3	4
joeriedel	https://avatars.githubusercontent.com/u/348786?v=3	4
johnastinnett	https://avatars.githubusercontent.com/u/8950249?v=3	2
johny7	https://avatars.githubusercontent.com/u/5486562?v=3	3
jorgenpt	https://avatars.githubusercontent.com/u/21258?v=3	3
joshkay	https://avatars.githubusercontent.com/u/3845505?v=3	2
joticarroll	https://avatars.githubusercontent.com/u/2731902?v=3	1
jpreyneke	https://avatars.githubusercontent.com/u/11028982?v=3	2
jsfdez	https://avatars.githubusercontent.com/u/1779119?v=3	1
jsheard	https://avatars.githubusercontent.com/u/3153547?v=3	2
jstasiak	https://avatars.githubusercontent.com/u/36209?v=3	1
jubanka	https://avatars.githubusercontent.com/u/5709033?v=3	1
judgeaxl	https://avatars.githubusercontent.com/u/1620720?v=3	6
jumbolimbo	https://avatars.githubusercontent.com/u/7075559?v=3	5
jungerroemer	https://avatars.githubusercontent.com/u/7816990?v=3	2
justinbowman	https://avatars.githubusercontent.com/u/12124132?v=3	1
justinian	https://avatars.githubusercontent.com/u/80883?v=3	1
juulie	https://avatars.githubusercontent.com/u/1020665?v=3	1
jwatte	https://avatars.githubusercontent.com/u/481909?v=3	1
kaedoc	https://avatars.githubusercontent.com/u/9393881?v=3	1
kafumanto	https://avatars.githubusercontent.com/u/6954066?v=3	2
kallehamalainen	https://avatars.githubusercontent.com/u/3924448?v=3	2
kamrann	https://avatars.githubusercontent.com/u/2475657?v=3	3
karolz	https://avatars.githubusercontent.com/u/8861054?v=3	2
kawatanik	https://avatars.githubusercontent.com/u/10719308?v=3	1
kb9vqf	https://avatars.githubusercontent.com/u/19896666?v=3	1
kborst90	https://avatars.githubusercontent.com/u/9708087?v=3	1
kedlly	https://avatars.githubusercontent.com/u/3633602?v=3	1
kenchen3000	https://avatars.githubusercontent.com/u/9312409?v=3	1
kentlius	https://avatars.githubusercontent.com/u/1091973?v=3	1
kenwi	https://avatars.githubusercontent.com/u/3333105?v=3	1
kevindqc	https://avatars.githubusercontent.com/u/228313?v=3	1
kidleon	https://avatars.githubusercontent.com/u/5304591?v=3	2
kidsmurf2000	https://avatars.githubusercontent.com/u/10190508?v=3	1
kihwanshin	https://avatars.githubusercontent.com/u/14534296?v=3	1
kodimynatt	https://avatars.githubusercontent.com/u/12012657?v=3	2
kodmistrz	https://avatars.githubusercontent.com/u/7015960?v=3	1
koggo2	https://avatars.githubusercontent.com/u/7692569?v=3	1
konskrit	https://avatars.githubusercontent.com/u/11281032?v=3	1
korkuveren	https://avatars.githubusercontent.com/u/1544804?v=3	2
korypostma	https://avatars.githubusercontent.com/u/5207577?v=3	12
kosz78	https://avatars.githubusercontent.com/u/3992195?v=3	1
krunt	https://avatars.githubusercontent.com/u/5300844?v=3	1
kukiric	https://avatars.githubusercontent.com/u/6194377?v=3	1
kuuuuku	https://avatars.githubusercontent.com/u/11402923?v=3	1
kylawl	https://avatars.githubusercontent.com/u/4952023?v=3	9
labidus	https://avatars.githubusercontent.com/u/10580216?v=3	4
lamas525	https://avatars.githubusercontent.com/u/3184264?v=3	1
larsjsol	https://avatars.githubusercontent.com/u/669767?v=3	2
leereilly	https://avatars.githubusercontent.com/u/121322?v=3	1
leobenaducci	https://avatars.githubusercontent.com/u/2478688?v=3	2
leonhui-deluxe	https://avatars.githubusercontent.com/u/17347201?v=3	1
lightspeedlucas	https://avatars.githubusercontent.com/u/5412982?v=3	2
lilinayuy	https://avatars.githubusercontent.com/u/11568614?v=3	1
linkside	https://avatars.githubusercontent.com/u/7272255?v=3	1
linouxis9	https://avatars.githubusercontent.com/u/8758184?v=3	2
linzhanyu	https://avatars.githubusercontent.com/u/2173054?v=3	2
lion03	https://avatars.githubusercontent.com/u/1940720?v=3	11
ljjz	https://avatars.githubusercontent.com/u/13595533?v=3	1
loonychewy	https://avatars.githubusercontent.com/u/777139?v=3	1
lotuspython	https://avatars.githubusercontent.com/u/12611591?v=3	1
lucasad	https://avatars.githubusercontent.com/u/1269406?v=3	3
lucasassislar	https://avatars.githubusercontent.com/u/3450776?v=3	1
luckisnow	https://avatars.githubusercontent.com/u/13744924?v=3	1
luckygodliangzi	https://avatars.githubusercontent.com/u/16894523?v=3	2
lukw00	https://avatars.githubusercontent.com/u/9670289?v=3	1
maPalacios	https://avatars.githubusercontent.com/u/5991406?v=3	1
maartenscholl	https://avatars.githubusercontent.com/u/1122190?v=3	2
madsystem	https://avatars.githubusercontent.com/u/7487567?v=3	1
malhmoud	https://avatars.githubusercontent.com/u/7008667?v=3	1
mannewalis	https://avatars.githubusercontent.com/u/4534274?v=3	2
marcthenarc	https://avatars.githubusercontent.com/u/1076837?v=3	1
marcusball	https://avatars.githubusercontent.com/u/1077559?v=3	1
markfoley	https://avatars.githubusercontent.com/u/7455579?v=3	1
marynate	https://avatars.githubusercontent.com/u/3735467?v=3	6
massanoori	https://avatars.githubusercontent.com/u/2904982?v=3	1
masternoon	https://avatars.githubusercontent.com/u/1284889?v=3	1
matii1509	https://avatars.githubusercontent.com/u/8502960?v=3	1
mattysupertramp	https://avatars.githubusercontent.com/u/9959415?v=3	1
maxpestun	https://avatars.githubusercontent.com/u/721655?v=3	6
maxtunel	https://avatars.githubusercontent.com/u/6061501?v=3	1
maykayproduction	https://avatars.githubusercontent.com/u/8170835?v=3	2
mbehensky	https://avatars.githubusercontent.com/u/18355316?v=3	1
meChiel	https://avatars.githubusercontent.com/u/5637172?v=3	3
megamind888	https://avatars.githubusercontent.com/u/5641461?v=3	3
mehblahwhatever	https://avatars.githubusercontent.com/u/1248432?v=3	1
mehrdadSun	https://avatars.githubusercontent.com/u/17350644?v=3	1
meiwu365	https://avatars.githubusercontent.com/u/19701006?v=3	1
mekaknepley	https://avatars.githubusercontent.com/u/7028621?v=3	2
merlin91	https://avatars.githubusercontent.com/u/1531647?v=3	3
methos5000	https://avatars.githubusercontent.com/u/8986240?v=3	3
mfortin-bhvr	https://avatars.githubusercontent.com/u/12398884?v=3	5
mfpi	https://avatars.githubusercontent.com/u/2461854?v=3	1
mgerhardy	https://avatars.githubusercontent.com/u/577713?v=3	4
mgracer48	https://avatars.githubusercontent.com/u/10155689?v=3	3
michail-nikolaev	https://avatars.githubusercontent.com/u/2277142?v=3	1
mik14a	https://avatars.githubusercontent.com/u/13136762?v=3	1
mike0670	https://avatars.githubusercontent.com/u/16149326?v=3	1
mikelebo	https://avatars.githubusercontent.com/u/3382818?v=3	1
mipg	https://avatars.githubusercontent.com/u/17246387?v=3	1
mkirzinger	https://avatars.githubusercontent.com/u/13142205?v=3	1
mlaveaux	https://avatars.githubusercontent.com/u/2884328?v=3	2
mlewand	https://avatars.githubusercontent.com/u/5353898?v=3	1
mollstam	https://avatars.githubusercontent.com/u/385582?v=3	16
molyee	https://avatars.githubusercontent.com/u/1855767?v=3	1
monsieurgustav	https://avatars.githubusercontent.com/u/4368173?v=3	1
mordentral	https://avatars.githubusercontent.com/u/4570191?v=3	2
moritz-wundke	https://avatars.githubusercontent.com/u/414077?v=3	14
mpolaczyk	https://avatars.githubusercontent.com/u/3337387?v=3	5
mrolland	https://avatars.githubusercontent.com/u/7001755?v=3	1
mspe044	https://avatars.githubusercontent.com/u/5934162?v=3	1
museroom	https://avatars.githubusercontent.com/u/857359?v=3	1
muzaheed57	https://avatars.githubusercontent.com/u/2425949?v=3	3
nafonso	https://avatars.githubusercontent.com/u/5429121?v=3	1
nakosung	https://avatars.githubusercontent.com/u/2463571?v=3	3
narques	https://avatars.githubusercontent.com/u/8831292?v=3	1
nastasin	https://avatars.githubusercontent.com/u/16709822?v=3	1
natemartinsf	https://avatars.githubusercontent.com/u/120719?v=3	1
nayagamez	https://avatars.githubusercontent.com/u/6890273?v=3	1
nbjk667	https://avatars.githubusercontent.com/u/8071945?v=3	15
neico	https://avatars.githubusercontent.com/u/934986?v=3	1
nejclesek	https://avatars.githubusercontent.com/u/4706412?v=3	1
nelbok	https://avatars.githubusercontent.com/u/17120730?v=3	1
neojean	https://avatars.githubusercontent.com/u/16376282?v=3	2
nero81af	https://avatars.githubusercontent.com/u/7045350?v=3	2
newsdu	https://avatars.githubusercontent.com/u/3582984?v=3	1
niavok	https://avatars.githubusercontent.com/u/406977?v=3	1
nice1378	https://avatars.githubusercontent.com/u/5405105?v=3	2
nick-penwarden	https://avatars.githubusercontent.com/u/7032788?v=3	2
niexuchina	https://avatars.githubusercontent.com/u/12527476?v=3	1
nikoladimitroff	https://avatars.githubusercontent.com/u/3112182?v=3	2
nolimitk	https://avatars.githubusercontent.com/u/4093988?v=3	1
nomissniggih	https://avatars.githubusercontent.com/u/3868749?v=3	1
nopeer	https://avatars.githubusercontent.com/u/3738093?v=3	1
nsf	https://avatars.githubusercontent.com/u/12567?v=3	1
ntk4	https://avatars.githubusercontent.com/u/6009412?v=3	1
ntrl	https://avatars.githubusercontent.com/u/7741925?v=3	1
nx306	https://avatars.githubusercontent.com/u/7034258?v=3	1
ogurchik87	https://avatars.githubusercontent.com/u/13501662?v=3	1
oliverzx	https://avatars.githubusercontent.com/u/2737354?v=3	1
ondys	https://avatars.githubusercontent.com/u/12868933?v=3	1
opamp77	https://avatars.githubusercontent.com/u/8343962?v=3	1
osse101	https://avatars.githubusercontent.com/u/4764184?v=3	2
overlawled	https://avatars.githubusercontent.com/u/4822915?v=3	2
ozturkhakki	https://avatars.githubusercontent.com/u/7107563?v=3	5
pabelos	https://avatars.githubusercontent.com/u/8271246?v=3	1
patreek	https://avatars.githubusercontent.com/u/2208373?v=3	3
paul-hansen	https://avatars.githubusercontent.com/u/7019130?v=3	1
paulevans	https://avatars.githubusercontent.com/u/719048?v=3	2
peca3d	https://avatars.githubusercontent.com/u/4343081?v=3	2
pfontain	https://avatars.githubusercontent.com/u/3363221?v=3	2
pfranz	https://avatars.githubusercontent.com/u/917002?v=3	1
philippbb	https://avatars.githubusercontent.com/u/8410683?v=3	1
phoboz-net	https://avatars.githubusercontent.com/u/7096323?v=3	1
piinecone	https://avatars.githubusercontent.com/u/723510?v=3	2
pixelbombgames	https://avatars.githubusercontent.com/u/16132127?v=3	1
pixelgitue	https://avatars.githubusercontent.com/u/7661954?v=3	2
pjoe	https://avatars.githubusercontent.com/u/1846572?v=3	1
pkisensee	https://avatars.githubusercontent.com/u/7175682?v=3	1
plloyer	https://avatars.githubusercontent.com/u/13453757?v=3	3
pluranium	https://avatars.githubusercontent.com/u/7019000?v=3	8
polyninja	https://avatars.githubusercontent.com/u/16903455?v=3	2
pregest	https://avatars.githubusercontent.com/u/8643100?v=3	1
proglove	https://avatars.githubusercontent.com/u/74631?v=3	1
projectgheist	https://avatars.githubusercontent.com/u/3892568?v=3	23
psevcik256	https://avatars.githubusercontent.com/u/6785384?v=3	1
psychogony	https://avatars.githubusercontent.com/u/7361029?v=3	1
publicENEMY	https://avatars.githubusercontent.com/u/2562219?v=3	1
pzurita	https://avatars.githubusercontent.com/u/894286?v=3	19
qiaoqiaoxiong	https://avatars.githubusercontent.com/u/11764445?v=3	1
qimmer	https://avatars.githubusercontent.com/u/2880877?v=3	1
qiuzijian	https://avatars.githubusercontent.com/u/12016004?v=3	6
quarz	https://avatars.githubusercontent.com/u/1789736?v=3	1
radu-danciu	https://avatars.githubusercontent.com/u/9931785?v=3	1
rajkosto	https://avatars.githubusercontent.com/u/205276?v=3	5
raziel2001au	https://avatars.githubusercontent.com/u/7069692?v=3	2
rcgordon	https://avatars.githubusercontent.com/u/673562?v=3	1
rearcrew	https://avatars.githubusercontent.com/u/7857146?v=3	3
red15	https://avatars.githubusercontent.com/u/475873?v=3	1
redgnomegaming	https://avatars.githubusercontent.com/u/5226199?v=3	2
rekko	https://avatars.githubusercontent.com/u/1860710?v=3	2
rekrad	https://avatars.githubusercontent.com/u/6328264?v=3	1
renatoi	https://avatars.githubusercontent.com/u/371207?v=3	2
rewad	https://avatars.githubusercontent.com/u/7001407?v=3	1
richardbiely	https://avatars.githubusercontent.com/u/3114718?v=3	1
rlefebvre	https://avatars.githubusercontent.com/u/81379?v=3	1
rob1979	https://avatars.githubusercontent.com/u/7195531?v=3	1
robdeadtech	https://avatars.githubusercontent.com/u/220086?v=3	1
robert-wallis	https://avatars.githubusercontent.com/u/145938?v=3	7
robertfsegal	https://avatars.githubusercontent.com/u/668760?v=3	5
robf535	https://avatars.githubusercontent.com/u/7019604?v=3	1
robjmeza	https://avatars.githubusercontent.com/u/11287786?v=3	1
robkohout	https://avatars.githubusercontent.com/u/1584877?v=3	1
rogersvp	https://avatars.githubusercontent.com/u/7024760?v=3	1
rogerzanoni	https://avatars.githubusercontent.com/u/589787?v=3	1
rogueQin	https://avatars.githubusercontent.com/u/13434639?v=3	1
rohanliston	https://avatars.githubusercontent.com/u/1980929?v=3	1
romrick	https://avatars.githubusercontent.com/u/10520475?v=3	1
rooneym	https://avatars.githubusercontent.com/u/7586761?v=3	2
root0x	https://avatars.githubusercontent.com/u/6894127?v=3	1
rveilleux	https://avatars.githubusercontent.com/u/6692777?v=3	1
rvkennedy	https://avatars.githubusercontent.com/u/493944?v=3	1
rwils	https://avatars.githubusercontent.com/u/4229906?v=3	1
rwinter91	https://avatars.githubusercontent.com/u/12803033?v=3	1
rxcompile	https://avatars.githubusercontent.com/u/192352?v=3	1
ryani	https://avatars.githubusercontent.com/u/7133340?v=3	4
ryanjon2040	https://avatars.githubusercontent.com/u/5410301?v=3	5
rybalkinsd	https://avatars.githubusercontent.com/u/710546?v=3	1
sackyhack	https://avatars.githubusercontent.com/u/9355677?v=3	1
saddy081	https://avatars.githubusercontent.com/u/7645389?v=3	1
saelo	https://avatars.githubusercontent.com/u/2453290?v=3	1
sajidfarooq	https://avatars.githubusercontent.com/u/6068902?v=3	1
salamanderrake	https://avatars.githubusercontent.com/u/2695330?v=3	23
samatoosi	https://avatars.githubusercontent.com/u/9421717?v=3	1
sameek4	https://avatars.githubusercontent.com/u/4341303?v=3	1
samiljan	https://avatars.githubusercontent.com/u/522909?v=3	1
samrat333	https://avatars.githubusercontent.com/u/17277037?v=3	1
samuelmaddock	https://avatars.githubusercontent.com/u/1656324?v=3	1
sankasan	https://avatars.githubusercontent.com/u/2207658?v=3	1
sbc100	https://avatars.githubusercontent.com/u/515813?v=3	8
scampVR	https://avatars.githubusercontent.com/u/8689836?v=3	1
scottlws	https://avatars.githubusercontent.com/u/8282946?v=3	1
seetime	https://avatars.githubusercontent.com/u/2145691?v=3	1
senlinms	https://avatars.githubusercontent.com/u/5028902?v=3	1
sensemilli	https://avatars.githubusercontent.com/u/4040096?v=3	1
sentik	https://avatars.githubusercontent.com/u/5638904?v=3	1
seonggwang	https://avatars.githubusercontent.com/u/1792867?v=3	1
serk7	https://avatars.githubusercontent.com/u/11632527?v=3	2
sfcal99	https://avatars.githubusercontent.com/u/1901867?v=3	1
sfjuocekr	https://avatars.githubusercontent.com/u/398018?v=3	1
shishpt	https://avatars.githubusercontent.com/u/8984291?v=3	2
shuaiharry	https://avatars.githubusercontent.com/u/2046694?v=3	1
simondeschenes	https://avatars.githubusercontent.com/u/2615252?v=3	1
simontaylor81	https://avatars.githubusercontent.com/u/6118315?v=3	15
simpple28	https://avatars.githubusercontent.com/u/7029038?v=3	1
skatebill	https://avatars.githubusercontent.com/u/4061585?v=3	1
skeru	https://avatars.githubusercontent.com/u/5781686?v=3	2
skkim-ginno	https://avatars.githubusercontent.com/u/10017771?v=3	1
slayemin	https://avatars.githubusercontent.com/u/10360494?v=3	3
slonopotamus	https://avatars.githubusercontent.com/u/92637?v=3	86
smaradey	https://avatars.githubusercontent.com/u/8476665?v=3	1
smokku	https://avatars.githubusercontent.com/u/147687?v=3	3
snakexy	https://avatars.githubusercontent.com/u/16608255?v=3	1
solid-angle	https://avatars.githubusercontent.com/u/6439126?v=3	7
sooil80	https://avatars.githubusercontent.com/u/8499113?v=3	5
soulmapp	https://avatars.githubusercontent.com/u/7192146?v=3	1
ssaumdac	https://avatars.githubusercontent.com/u/8386253?v=3	1
ssoria	https://avatars.githubusercontent.com/u/185203?v=3	1
st0nx	https://avatars.githubusercontent.com/u/11751448?v=3	2
staszinchenko	https://avatars.githubusercontent.com/u/16350295?v=3	1
stephenwhittle	https://avatars.githubusercontent.com/u/7070635?v=3	22
steve3d	https://avatars.githubusercontent.com/u/670687?v=3	1
stevekouts	https://avatars.githubusercontent.com/u/10137011?v=3	1
stevenjt	https://avatars.githubusercontent.com/u/629887?v=3	1
sub1887	https://avatars.githubusercontent.com/u/12228187?v=3	1
sukapx	https://avatars.githubusercontent.com/u/4125336?v=3	1
surakin	https://avatars.githubusercontent.com/u/683652?v=3	2
swclif	https://avatars.githubusercontent.com/u/7021533?v=3	1
swiftwords	https://avatars.githubusercontent.com/u/7033344?v=3	2
szyszq	https://avatars.githubusercontent.com/u/7049069?v=3	1
t3h4ndy	https://avatars.githubusercontent.com/u/13393368?v=3	1
tamarmstrong	https://avatars.githubusercontent.com/u/6249615?v=3	2
tamkcr	https://avatars.githubusercontent.com/u/10276509?v=3	2
tas1337	https://avatars.githubusercontent.com/u/8358061?v=3	1
tavakkolia	https://avatars.githubusercontent.com/u/5232354?v=3	1
tbarbanti	https://avatars.githubusercontent.com/u/2101022?v=3	1
tbilnicki	https://avatars.githubusercontent.com/u/6775962?v=3	1
technika79	https://avatars.githubusercontent.com/u/15621015?v=3	1
techvd	https://avatars.githubusercontent.com/u/7006883?v=3	3
teella	https://avatars.githubusercontent.com/u/9750756?v=3	1
tgraupmann	https://avatars.githubusercontent.com/u/931421?v=3	4
themodder666	https://avatars.githubusercontent.com/u/3363259?v=3	2
theonebutcher	https://avatars.githubusercontent.com/u/10797485?v=3	1
thevfxguy13	https://avatars.githubusercontent.com/u/11277900?v=3	1
thk123	https://avatars.githubusercontent.com/u/638608?v=3	3
thomasfn	https://avatars.githubusercontent.com/u/2463967?v=3	1
threadlock	https://avatars.githubusercontent.com/u/8391334?v=3	2
timdonks	https://avatars.githubusercontent.com/u/5215983?v=3	3
timlindeberg	https://avatars.githubusercontent.com/u/6010314?v=3	1
tk-master	https://avatars.githubusercontent.com/u/10437026?v=3	3
tmiv	https://avatars.githubusercontent.com/u/7142471?v=3	3
tnako	https://avatars.githubusercontent.com/u/5236670?v=3	2
tnxgalaxy	https://avatars.githubusercontent.com/u/12956458?v=3	1
tommybear	https://avatars.githubusercontent.com/u/1712535?v=3	14
tomofnz	https://avatars.githubusercontent.com/u/7030380?v=3	1
tomwardio	https://avatars.githubusercontent.com/u/2934819?v=3	1
toonday	https://avatars.githubusercontent.com/u/16563281?v=3	1
toparada	https://avatars.githubusercontent.com/u/9985478?v=3	1
tr0n0s	https://avatars.githubusercontent.com/u/2959591?v=3	1
transfuturist	https://avatars.githubusercontent.com/u/4128514?v=3	1
trdwll	https://avatars.githubusercontent.com/u/11054333?v=3	2
treyspears	https://avatars.githubusercontent.com/u/5303818?v=3	1
trias1995	https://avatars.githubusercontent.com/u/9219429?v=3	1
triplefault	https://avatars.githubusercontent.com/u/1904509?v=3	1
tsky1971	https://avatars.githubusercontent.com/u/7058122?v=3	1
tsxy2007	https://avatars.githubusercontent.com/u/4055125?v=3	1
ttvd	https://avatars.githubusercontent.com/u/113079?v=3	3
tutosfaciles48	https://avatars.githubusercontent.com/u/3512803?v=3	1
twkevin	https://avatars.githubusercontent.com/u/2959753?v=3	1
tyjgames	https://avatars.githubusercontent.com/u/11698075?v=3	1
tynril	https://avatars.githubusercontent.com/u/701292?v=3	1
ucotman	https://avatars.githubusercontent.com/u/11378646?v=3	1
umerov1999	https://avatars.githubusercontent.com/u/3888404?v=3	21
ungalyant	https://avatars.githubusercontent.com/u/16123652?v=3	1
unktomi	https://avatars.githubusercontent.com/u/7184345?v=3	5
uselessID	https://avatars.githubusercontent.com/u/11247793?v=3	2
user37337	https://avatars.githubusercontent.com/u/5907468?v=3	2
vagenv	https://avatars.githubusercontent.com/u/7025384?v=3	1
valtovar	https://avatars.githubusercontent.com/u/4841?v=3	2
valtrain	https://avatars.githubusercontent.com/u/759120?v=3	1
velopl	https://avatars.githubusercontent.com/u/15379746?v=3	1
vityafx	https://avatars.githubusercontent.com/u/1146369?v=3	1
vkirazian	https://avatars.githubusercontent.com/u/7001410?v=3	1
vogoltsov	https://avatars.githubusercontent.com/u/1228812?v=3	1
vr3h	https://avatars.githubusercontent.com/u/11040875?v=3	1
wackoisgod	https://avatars.githubusercontent.com/u/92770?v=3	1
wanshaohui	https://avatars.githubusercontent.com/u/6930851?v=3	1
wdhwg001	https://avatars.githubusercontent.com/u/8943519?v=3	1
wenhongming	https://avatars.githubusercontent.com/u/3614685?v=3	1
whiteblue3	https://avatars.githubusercontent.com/u/7765563?v=3	1
whiten01se	https://avatars.githubusercontent.com/u/9386722?v=3	2
wilkinsense	https://avatars.githubusercontent.com/u/1689287?v=3	1
willcong	https://avatars.githubusercontent.com/u/9913266?v=3	1
wingedrobin	https://avatars.githubusercontent.com/u/9100491?v=3	1
winslylord	https://avatars.githubusercontent.com/u/6595846?v=3	1
witkowski-seb	https://avatars.githubusercontent.com/u/2454088?v=3	4
wolfadex	https://avatars.githubusercontent.com/u/1542461?v=3	1
wshearn	https://avatars.githubusercontent.com/u/1176094?v=3	8
x414e54	https://avatars.githubusercontent.com/u/711776?v=3	6
xBino	https://avatars.githubusercontent.com/u/7539601?v=3	1
xCyborg	https://avatars.githubusercontent.com/u/10322873?v=3	1
xoyojank	https://avatars.githubusercontent.com/u/2873643?v=3	1
xozion	https://avatars.githubusercontent.com/u/11751331?v=3	1
xu3775	https://avatars.githubusercontent.com/u/7812866?v=3	1
xulture	https://avatars.githubusercontent.com/u/3895512?v=3	6
y2jinc	https://avatars.githubusercontent.com/u/2017527?v=3	1
yaakuro	https://avatars.githubusercontent.com/u/7720708?v=3	42
yamashi	https://avatars.githubusercontent.com/u/672982?v=3	1
yaram	https://avatars.githubusercontent.com/u/2629055?v=3	1
yasukichi	https://avatars.githubusercontent.com/u/14350715?v=3	3
yatagarasu25	https://avatars.githubusercontent.com/u/1768676?v=3	4
yehaike	https://avatars.githubusercontent.com/u/10463421?v=3	3
yibashuaziys	https://avatars.githubusercontent.com/u/16157831?v=3	1
yinma	https://avatars.githubusercontent.com/u/11306008?v=3	1
yl3d	https://avatars.githubusercontent.com/u/11633397?v=3	1
ymartel06	https://avatars.githubusercontent.com/u/2735089?v=3	5
yonder	https://avatars.githubusercontent.com/u/652351?v=3	1
yoyohobo665	https://avatars.githubusercontent.com/u/8793338?v=3	1
yuhe00	https://avatars.githubusercontent.com/u/305671?v=3	2
yurivieira	https://avatars.githubusercontent.com/u/11726574?v=3	1
yuxizhang	https://avatars.githubusercontent.com/u/9972980?v=3	1
yuyatanpe	https://avatars.githubusercontent.com/u/10623640?v=3	1
zaps166	https://avatars.githubusercontent.com/u/6239090?v=3	8
zaucy	https://avatars.githubusercontent.com/u/1284289?v=3	1
zeduk	https://avatars.githubusercontent.com/u/11404691?v=3	1
zeroxciv	https://avatars.githubusercontent.com/u/8873852?v=3	1
zetarus	https://avatars.githubusercontent.com/u/7810031?v=3	1
zhbanito	https://avatars.githubusercontent.com/u/10955137?v=3	1
zhidongxiao	https://avatars.githubusercontent.com/u/15834995?v=3	1
zhongqilin	https://avatars.githubusercontent.com/u/3206278?v=3	1
zhoucantong	https://avatars.githubusercontent.com/u/16531355?v=3	1
zhuhailu	https://avatars.githubusercontent.com/u/13807669?v=3	1
zhxhdreams	https://avatars.githubusercontent.com/u/6614800?v=3	2
zjloo	https://avatars.githubusercontent.com/u/17536060?v=3	1
zompi2	https://avatars.githubusercontent.com/u/7863125?v=3	1
zoombapup	https://avatars.githubusercontent.com/u/2403971?v=3	1
zoon	https://avatars.githubusercontent.com/u/126638?v=3	4
zorakbane	https://avatars.githubusercontent.com/u/11859763?v=3	1
zorbathut	https://avatars.githubusercontent.com/u/160754?v=3	7
zoxin	https://avatars.githubusercontent.com/u/13944060?v=3	1
zshewmaker	https://avatars.githubusercontent.com/u/75214?v=3	1
zurasic	https://avatars.githubusercontent.com/u/12157388?v=3	1
zurbrigg	https://avatars.githubusercontent.com/u/4096888?v=3	1
